{
  "timestamp": "2025-10-23T16:02:26.228948",
  "device": "cpu",
  "pytorch_version": "2.9.0+cu128",
  "cuda_available": false,
  "results": [
    {
      "phase": "simulation",
      "shape": [
        15,
        15,
        15
      ],
      "total_neurons": 3375,
      "total_edges": 76132,
      "connectivity_radius": 1,
      "enable_plasticity": false,
      "log_domain": true,
      "device": "cpu",
      "init_time_seconds": 0.014716148376464844,
      "initial_memory_mb": 0,
      "allocated_memory_mb": 0,
      "peak_memory_mb": 0,
      "memory_delta_mb": 0,
      "neurons_per_second": 229339.9002008943,
      "edges_per_second": 5173364.5280279955,
      "num_steps": 40,
      "with_input": true,
      "sim_time_seconds": 0.033345699310302734,
      "time_per_step": 0.0008336424827575684,
      "steps_per_second": 1199.5549899186342,
      "total_spikes": 99600.0,
      "avg_spikes_per_step": 2490.0,
      "std_spikes_per_step": 1279.5624252063672,
      "spike_rate": 0.7377777777777778,
      "pre_sim_memory_mb": 0,
      "post_sim_memory_mb": 0,
      "peak_sim_memory_mb": 0,
      "sim_memory_delta_mb": 0,
      "neuron_updates_per_second": 4048498.09097539,
      "total_time_seconds": 0.04806184768676758
    },
    {
      "phase": "simulation",
      "shape": [
        15,
        15,
        15
      ],
      "total_neurons": 3375,
      "total_edges": 76132,
      "connectivity_radius": 1,
      "enable_plasticity": true,
      "log_domain": true,
      "device": "cpu",
      "init_time_seconds": 0.007552146911621094,
      "initial_memory_mb": 0,
      "allocated_memory_mb": 0,
      "peak_memory_mb": 0,
      "memory_delta_mb": 0,
      "neurons_per_second": 446892.78949362296,
      "edges_per_second": 10080842.029549185,
      "num_steps": 40,
      "with_input": true,
      "sim_time_seconds": 0.04466748237609863,
      "time_per_step": 0.001116687059402466,
      "steps_per_second": 895.50603419287,
      "total_spikes": 99600.0,
      "avg_spikes_per_step": 2490.0,
      "std_spikes_per_step": 1279.5624252063672,
      "spike_rate": 0.7377777777777778,
      "pre_sim_memory_mb": 0,
      "post_sim_memory_mb": 0,
      "peak_sim_memory_mb": 0,
      "sim_memory_delta_mb": 0,
      "neuron_updates_per_second": 3022332.865400936,
      "total_time_seconds": 0.05221962928771973
    }
  ]
}